email,password
djacquemard0@tmall.com,88HlDLQFPvlm
mdossantos1@pagesperso-orange.fr,yo4NRzixCt7
arikard2@rambler.ru,z7UFm1dwb1
ftanzig3@lulu.com,RgEK0FGXm
olaurent4@plala.or.jp,cGGIbD
nwoodhouse5@webs.com,1uj2xiKKma
stomovic6@photobucket.com,MAT5lbHZGbH
lyeulet7@uiuc.edu,Ba3lHO
akybert8@mapy.cz,X8JIba
tlamont9@amazon.de,mHav3K0
ostovin0@google.com,jiwxEN7aTUI
mwestmoreland1@marketwatch.com,qi7iRn37v
sbarwise2@mac.com,W4NtXx
mvinau3@noaa.gov,EOs1CvWOhoIn
atingley4@moonfruit.com,Im9aNU
fashfold5@redcross.org,mDsor0P
jredsell6@huffingtonpost.com,ZKR4FvC4bj
istaton7@ox.ac.uk,dKPNwsl4C
hslemmonds8@eventbrite.com,OTtVy9
btarplee9@techcrunch.com,mMu66MO
rruffli0@cyberchimps.com,uEHcbQg
lavramovic1@ehow.com,jU3aAJVKW
gdaly2@sciencedirect.com,6yceQ5jHuF
cforber3@uol.com.br,KtqLPe
fruzek4@ebay.com,GU0QOS
cmcreedy5@homestead.com,8RJOQ7czLc
crowthorne6@yandex.ru,NKBUO1k2
hmaclennan7@elpais.com,i6LzRQV0
hmarlon8@archive.org,vrN9v7zOv
guru31@reverbnation.com,pn1TAGs
guru32@reverbnation.com,pn1TAGs
guru33@reverbnation.com,pn1TAGs
guru34@reverbnation.com,pn1TAGs
guru35@reverbnation.com,pn1TAGs
guru36@reverbnation.com,pn1TAGs
guru37@reverbnation.com,pn1TAGs
guru38@reverbnation.com,pn1TAGs
guru39@reverbnation.com,pn1TAGs
guru40@reverbnation.com,pn1TAGs
teststaff@trsu.net,password
teststaff2@trsu.net,password
new-account@trsu.net,password