username,name,dob,gender,secondary_email,career,account_id
theeney0,lcampana0,2022-01-06,Male,pridsdell0@geocities.jp,Administrative Officer,11
fmiguel1,kdibbert1,2021-10-28,Female,rrosso1@google.com.br,Assistant Professor,12
kbaumler2,wjandourek2,2022-05-11,Agender,jonthank2@cbslocal.com,Statistician IV,13
mcoveney3,trisman3,2021-08-29,Female,jaudenis3@nytimes.com,Graphic Designer,14
dpiller4,rmowday4,2021-11-29,Male,scoomber4@mediafire.com,Developer I,15
cmoxsom5,kfazakerley5,2022-08-03,Female,kwoodyeare5@zdnet.com,VP Marketing,16
fbeeke6,mmealand6,2021-08-28,Female,ewhitington6@arstechnica.com,Structural Engineer,17
hjorissen7,bmurtimer7,2022-07-13,Female,kfabb7@alibaba.com,VP Accounting,18
jsebley8,vmagog8,2022-05-09,Male,lcrammy8@angelfire.com,Software Test Engineer II,19
ddockery9,scockney9,2021-09-04,Female,mmion9@github.io,Marketing Manager,20