username,name,dob,gender,secondary_email,phone_number_id,guardian_type,account_id
gbrinsford0,vcottier0,2021-10-30,Female,kscamal0@so-net.ne.jp,21,father,21
ttarney1,dswatten1,2021-10-03,Male,aleindecker1@is.gd,22,mother,22
bgarner2,bkarpov2,2021-09-18,Male,rcowndley2@boston.com,23,relative,23
tdingivan3,hburdass3,2022-07-18,Female,gnanetti3@netscape.com,24,other,24
apeacey4,klorden4,2022-08-07,Male,jferrarotti4@addthis.com,25,other,25
ncreber5,bbavester5,2022-06-04,Female,mpostill5@google.cn,26,other,26
wlockwood6,bwhimpenny6,2022-05-20,Male,afolker6@printfriendly.com,27,relative,27
cdidello7,cdugdale7,2021-11-25,Male,mphripp7@bigcartel.com,28,other,28
brayner8,cswanborough8,2022-02-01,Female,bjenkin8@jalbum.net,29,father,29
fswindell9,agossage9,2022-01-03,Non-binary,bhenner9@dedecms.com,30,mother,30