submission_id,attached_file
1,"http://127.0.0.1:8000/media/assignments/answers/attachment.txt"
2,"http://127.0.0.1:8000/media/assignments/answers/attachment.txt"
3,"http://127.0.0.1:8000/media/assignments/answers/attachment.txt"
4,"http://127.0.0.1:8000/media/assignments/answers/attachment.txt"
5,"http://127.0.0.1:8000/media/assignments/answers/attachment.txt"
6,"http://127.0.0.1:8000/media/assignments/answers/attachment.txt"
7,"http://127.0.0.1:8000/media/assignments/answers/attachment.txt"
8,"http://127.0.0.1:8000/media/assignments/answers/attachment.txt"
9,"http://127.0.0.1:8000/media/assignments/answers/attachment.txt"
10,"http://127.0.0.1:8000/media/assignments/answers/attachment.txt"
11,"http://127.0.0.1:8000/media/assignments/answers/attachment.txt"
12,"http://127.0.0.1:8000/media/assignments/answers/attachment.txt"
13,"http://127.0.0.1:8000/media/assignments/answers/attachment.txt"
14,"http://127.0.0.1:8000/media/assignments/answers/attachment.txt"
15,"http://127.0.0.1:8000/media/assignments/answers/attachment.txt"
16,"http://127.0.0.1:8000/media/assignments/answers/attachment.txt"
17,"http://127.0.0.1:8000/media/assignments/answers/attachment.txt"
18,"http://127.0.0.1:8000/media/assignments/answers/attachment.txt"
19,"http://127.0.0.1:8000/media/assignments/answers/attachment.txt"
20,"http://127.0.0.1:8000/media/assignments/answers/attachment.txt"
21,"http://127.0.0.1:8000/media/assignments/answers/attachment.txt"
22,"http://127.0.0.1:8000/media/assignments/answers/attachment.txt"
23,"http://127.0.0.1:8000/media/assignments/answers/attachment.txt"
24,"http://127.0.0.1:8000/media/assignments/answers/attachment.txt"
25,"http://127.0.0.1:8000/media/assignments/answers/attachment.txt"
26,"http://127.0.0.1:8000/media/assignments/answers/attachment.txt"
27,"http://127.0.0.1:8000/media/assignments/answers/attachment.txt"
28,"http://127.0.0.1:8000/media/assignments/answers/attachment.txt"
29,"http://127.0.0.1:8000/media/assignments/answers/attachment.txt"
30,"http://127.0.0.1:8000/media/assignments/answers/attachment.txt"