name,description
Feednation,"Nunc nisl. Duis bibendum, felis sed interdum venenatis, turpis enim blandit mi, in porttitor pede justo eu massa. Donec dapibus. Duis at velit eu est congue elementum."
Yamia,Proin at turpis a pede posuere nonummy. Integer non velit.
Mudo,Suspendisse potenti. Cras in purus eu magna vulputate luctus.
Eabox,"Morbi porttitor lorem id ligula. Suspendisse ornare consequat lectus. In est risus, auctor sed, tristique in, tempus sit amet, sem."
Realblab,"Pellentesque viverra pede ac diam. Cras pellentesque volutpat dui. Maecenas tristique, est et tempus semper, est quam pharetra magna, ac consequat metus sapien ut nunc."
Shufflester,"Proin eu mi. Nulla ac enim. In tempor, turpis nec euismod scelerisque, quam turpis adipiscing lorem, vitae mattis nibh ligula nec sem. Duis aliquam convallis nunc."
Tekfly,"Duis at velit eu est congue elementum. In hac habitasse platea dictumst. Morbi vestibulum, velit id pretium iaculis, diam erat fermentum justo, nec condimentum neque sapien placerat ante."
Browsedrive,Phasellus sit amet erat. Nulla tempus.
Twitterbridge,"Vivamus metus arcu, adipiscing molestie, hendrerit at, vulputate vitae, nisl."
Skibox,Fusce consequat.